path,mode,label,mac_fixed,dac_fixed,error
/home/administr/test_matrix/sector_00/cluster_01/node_03/file_000138.txt,-rwxrwxrwxm--,Уровень_0:Высокий:Нет:0x0,True,True,
/home/administr/test_matrix/sector_00/cluster_06/node_07/file_000671.txt,-rwxrwxrwxm--,Уровень_0:Высокий:Нет:0x0,True,True,
/home/administr/test_matrix/sector_01/cluster_00/node_05/file_001054.txt,-rwxrwxrwxm--,Уровень_0:Высокий:Нет:0x0,True,True,
/home/administr/test_matrix/sector_01/cluster_04/node_07/file_001476.txt,-rwxrwxrwxm--,Уровень_0:Высокий:Нет:0x0,True,True,
/home/administr/test_matrix/sector_01/cluster_06/node_02/file_001622.txt,-rwxrwxrwxm--,Уровень_0:Высокий:Нет:0x0,True,True,
/home/administr/test_matrix/sector_01/cluster_06/node_09/file_001693.txt,-rwxrwxrwxm--,Уровень_0:Высокий:Нет:0x0,True,True,
/home/administr/test_matrix/sector_01/cluster_07/node_07/file_001773.txt,-rwxrwxrwxm--,Уровень_0:Высокий:Нет:0x0,True,True,
/home/administr/test_matrix/sector_01/cluster_08/node_00/file_001802.txt,-rwxrwxrwxm--,Уровень_0:Высокий:Нет:0x0,True,True,
/home/administr/test_matrix/sector_02/cluster_01/node_03/file_002138.txt,-rwxrwxrwxm--,Уровень_0:Высокий:Нет:0x0,True,True,
/home/administr/test_matrix/sector_02/cluster_04/node_09/file_002499.txt,-rwxrwxrwxm--,Уровень_0:Высокий:Нет:0x0,True,True,
/home/administr/test_matrix/sector_02/cluster_05/node_08/file_002588.txt,-rwxrwxrwxm--,Уровень_0:Высокий:Нет:0x0,True,True,
/home/administr/test_matrix/sector_02/cluster_06/node_00/file_002606.txt,-rwxrwxrwxm--,Уровень_0:Высокий:Нет:0x0,True,True,
/home/administr/test_matrix/sector_02/cluster_07/node_01/file_002718.txt,-rwxrwxrwxm--,Уровень_0:Высокий:Нет:0x0,True,True,
/home/administr/test_matrix/sector_03/cluster_04/node_03/file_003438.txt,-rwxrwxrwxm--,Уровень_0:Высокий:Нет:0x0,True,True,
/home/administr/test_matrix/sector_03/cluster_05/node_06/file_003567.txt,-rwxrwxrwxm--,Уровень_0:Высокий:Нет:0x0,True,True,
/home/administr/test_matrix/sector_03/cluster_06/node_09/file_003690.txt,-rwxrwxrwxm--,Уровень_0:Высокий:Нет:0x0,True,True,
/home/administr/test_matrix/sector_04/cluster_03/node_09/file_004397.txt,-rwxrwxrwxm--,Уровень_0:Высокий:Нет:0x0,True,True,
/home/administr/test_matrix/sector_04/cluster_04/node_04/file_004441.txt,-rwxrwxrwxm--,Уровень_0:Высокий:Нет:0x0,True,True,
/home/administr/test_matrix/sector_04/cluster_05/node_09/file_004590.txt,-rwxrwxrwxm--,Уровень_0:Высокий:Нет:0x0,True,True,
/home/administr/test_matrix/sector_05/cluster_03/node_08/file_005381.txt,-rwxrwxrwxm--,Уровень_0:Высокий:Нет:0x0,True,True,
/home/administr/test_matrix/sector_05/cluster_04/node_09/file_005490.txt,-rwxrwxrwxm--,Уровень_0:Высокий:Нет:0x0,True,True,
/home/administr/test_matrix/sector_05/cluster_05/node_07/file_005577.txt,-rwxrwxrwxm--,Уровень_0:Высокий:Нет:0x0,True,True,
/home/administr/test_matrix/sector_05/cluster_06/node_04/file_005641.txt,-rwxrwxrwxm--,Уровень_0:Высокий:Нет:0x0,True,True,
/home/administr/test_matrix/sector_05/cluster_07/node_02/file_005725.txt,-rwxrwxrwxm--,Уровень_0:Высокий:Нет:0x0,True,True,
/home/administr/test_matrix/sector_05/cluster_08/node_06/file_005861.txt,-rwxrwxrwxm--,Уровень_0:Высокий:Нет:0x0,True,True,
/home/administr/test_matrix/sector_05/cluster_09/node_00/file_005907.txt,-rwxrwxrwxm--,Уровень_0:Высокий:Нет:0x0,True,True,
/home/administr/test_matrix/sector_06/cluster_00/node_03/file_006039.txt,-rwxrwxrwxm--,Уровень_0:Высокий:Нет:0x0,True,True,
/home/administr/test_matrix/sector_06/cluster_02/node_06/file_006260.txt,-rwxrwxrwxm--,Уровень_0:Высокий:Нет:0x0,True,True,
/home/administr/test_matrix/sector_06/cluster_04/node_00/file_006401.txt,-rwxrwxrwxm--,Уровень_0:Высокий:Нет:0x0,True,True,
/home/administr/test_matrix/sector_06/cluster_05/node_02/file_006522.txt,-rwxrwxrwxm--,Уровень_0:Высокий:Нет:0x0,True,True,
/home/administr/test_matrix/sector_06/cluster_06/node_09/file_006690.txt,-rwxrwxrwxm--,Уровень_0:Высокий:Нет:0x0,True,True,
/home/administr/test_matrix/sector_06/cluster_07/node_01/file_006711.txt,-rwxrwxrwxm--,Уровень_0:Высокий:Нет:0x0,True,True,
/home/administr/test_matrix/sector_06/cluster_08/node_01/file_006817.txt,-rwxrwxrwxm--,Уровень_0:Высокий:Нет:0x0,True,True,
/home/administr/test_matrix/sector_06/cluster_08/node_07/file_006874.txt,-rwxrwxrwxm--,Уровень_0:Высокий:Нет:0x0,True,True,
/home/administr/test_matrix/sector_07/cluster_07/node_03/file_007732.txt,-rwxrwxrwxm--,Уровень_0:Высокий:Нет:0x0,True,True,
/home/administr/test_matrix/sector_07/cluster_08/node_03/file_007839.txt,-rwxrwxrwxm--,Уровень_0:Высокий:Нет:0x0,True,True,
/home/administr/test_matrix/sector_07/cluster_09/node_08/file_007987.txt,-rwxrwxrwxm--,Уровень_0:Высокий:Нет:0x0,True,True,
/home/administr/test_matrix/sector_08/cluster_01/node_03/file_008139.txt,-rwxrwxrwxm--,Уровень_0:Высокий:Нет:0x0,True,True,
/home/administr/test_matrix/sector_08/cluster_04/node_01/file_008418.txt,-rwxrwxrwxm--,Уровень_0:Высокий:Нет:0x0,True,True,
/home/administr/test_matrix/sector_08/cluster_04/node_04/file_008440.txt,-rwxrwxrwxm--,Уровень_0:Высокий:Нет:0x0,True,True,
/home/administr/test_matrix/sector_08/cluster_07/node_03/file_008735.txt,-rwxrwxrwxm--,Уровень_0:Высокий:Нет:0x0,True,True,
/home/administr/test_matrix/sector_08/cluster_07/node_03/file_008736.txt,-rwxrwxrwxm--,Уровень_0:Высокий:Нет:0x0,True,True,
/home/administr/test_matrix/sector_08/cluster_08/node_08/file_008887.txt,-rwxrwxrwxm--,Уровень_0:Высокий:Нет:0x0,True,True,
/home/administr/test_matrix/sector_09/cluster_00/node_00/file_009009.txt,-rwxrwxrwxm--,Уровень_0:Высокий:Нет:0x0,True,True,
/home/administr/test_matrix/sector_09/cluster_01/node_02/file_009129.txt,-rwxrwxrwxm--,Уровень_0:Высокий:Нет:0x0,True,True,
/home/administr/test_matrix/sector_09/cluster_04/node_04/file_009443.txt,-rwxrwxrwxm--,Уровень_0:Высокий:Нет:0x0,True,True,
/home/administr/test_matrix/sector_09/cluster_06/node_09/file_009699.txt,-rwxrwxrwxm--,Уровень_0:Высокий:Нет:0x0,True,True,
/home/administr/test_matrix/sector_09/cluster_07/node_06/file_009767.txt,-rwxrwxrwxm--,Уровень_0:Высокий:Нет:0x0,True,True,
/home/administr/test_matrix/sector_09/cluster_08/node_09/file_009891.txt,-rwxrwxrwxm--,Уровень_0:Высокий:Нет:0x0,True,True,
/home/administr/test_matrix/sector_09/cluster_09/node_08/file_009982.txt,-rwxrwxrwxm--,Уровень_0:Высокий:Нет:0x0,True,True,
